Project ID,Start Date,End Date,Domain,Expected Team Size,Web,Mobile,IOT,Desktop,No. of days, Budget 
FL-001,"Monday, January 2, 2023","Thursday, February 23, 2023",3,6,1,0,0,0,52,150000
FL-002,"Tuesday, January 3, 2023","Sunday, May 21, 2023",1,6,1,0,1,1,138,150000
FL-003,"Wednesday, January 4, 2023","Wednesday, June 28, 2023",3,9,1,0,1,1,175,150000
FL-004,"Thursday, January 5, 2023","Sunday, May 14, 2023",2,4,1,0,0,0,129,225000
FL-005,"Friday, January 6, 2023","Sunday, March 19, 2023",1,7,0,1,1,1,72,225000
FL-006,"Saturday, January 7, 2023","Saturday, March 25, 2023",1,14,0,0,0,1,77,99462
FL-007,"Sunday, January 8, 2023","Saturday, May 27, 2023",2,6,0,1,0,1,139,225000
FL-008,"Monday, January 9, 2023","Friday, April 28, 2023",3,11,0,1,1,0,109,89154
FL-009,"Tuesday, January 10, 2023","Sunday, February 19, 2023",1,14,0,1,1,1,40,225000
FL-010,"Wednesday, January 11, 2023","Saturday, March 18, 2023",3,10,0,1,0,0,66,79151
FL-011,"Thursday, January 12, 2023","Friday, June 9, 2023",3,5,0,0,1,0,148,89144
FL-012,"Friday, January 13, 2023","Sunday, March 5, 2023",2,12,1,1,1,0,51,69133
FL-013,"Saturday, January 14, 2023","Wednesday, January 25, 2023",1,5,0,1,0,1,11,225000
FL-014,"Sunday, January 15, 2023","Wednesday, May 10, 2023",1,5,1,0,1,0,115,225000
FL-015,"Monday, January 16, 2023","Tuesday, February 14, 2023",2,7,0,1,1,0,29,225000
FL-016,"Tuesday, January 17, 2023","Tuesday, July 4, 2023",3,11,0,0,1,0,168,225000
FL-017,"Wednesday, January 18, 2023","Wednesday, March 8, 2023",2,4,0,0,0,1,49,98675
FL-018,"Thursday, January 19, 2023","Friday, May 26, 2023",1,8,1,1,1,1,127,98675
FL-019,"Friday, January 20, 2023","Monday, February 27, 2023",3,7,0,0,1,0,38,98675
FL-020,"Saturday, January 21, 2023","Sunday, April 2, 2023",2,3,1,1,0,1,71,98675
FL-021,"Sunday, January 22, 2023","Friday, March 3, 2023",2,14,1,1,1,0,40,98675
FL-022,"Monday, January 23, 2023","Friday, March 10, 2023",3,14,1,0,0,0,46,98675
FL-023,"Tuesday, January 24, 2023","Friday, May 26, 2023",3,8,1,1,1,0,122,98675
FL-024,"Wednesday, January 25, 2023","Tuesday, February 14, 2023",1,7,1,1,0,1,20,68251
FL-025,"Thursday, January 26, 2023","Saturday, June 10, 2023",3,13,0,1,0,0,135,98675
FL-026,"Friday, January 27, 2023","Friday, July 7, 2023",3,13,1,0,0,1,161,98675
FL-027,"Saturday, January 28, 2023","Sunday, June 4, 2023",1,4,1,0,1,1,127,98675
FL-028,"Sunday, January 29, 2023","Friday, May 12, 2023",3,14,1,0,1,0,103,98675
FL-029,"Monday, January 30, 2023","Wednesday, April 26, 2023",1,3,0,1,1,1,86,98675
FL-030,"Tuesday, January 31, 2023","Wednesday, May 31, 2023",3,13,1,0,1,1,120,98675
FL-031,"Wednesday, February 1, 2023","Saturday, June 10, 2023",1,9,1,1,0,0,129,98675
FL-032,"Thursday, February 2, 2023","Tuesday, March 14, 2023",1,12,1,0,0,1,40,98675
FL-033,"Friday, February 3, 2023","Sunday, June 4, 2023",3,3,1,0,1,1,121,88000
FL-034,"Saturday, February 4, 2023","Wednesday, July 26, 2023",3,12,0,1,0,1,172,88000
FL-035,"Sunday, February 5, 2023","Sunday, May 7, 2023",1,14,0,0,1,1,91,88000
FL-036,"Monday, February 6, 2023","Friday, March 10, 2023",3,4,1,0,1,1,32,88000
FL-037,"Tuesday, February 7, 2023","Monday, May 8, 2023",3,8,1,1,0,1,90,88000
FL-038,"Wednesday, February 8, 2023","Monday, March 27, 2023",2,11,1,1,0,0,47,88000
FL-039,"Thursday, February 9, 2023","Monday, May 15, 2023",3,5,1,1,1,0,95,88000
FL-040,"Friday, February 10, 2023","Friday, May 12, 2023",1,12,1,0,0,0,91,88000
FL-041,"Saturday, February 11, 2023","Friday, July 28, 2023",2,12,1,0,0,1,167,88000
FL-042,"Sunday, February 12, 2023","Wednesday, June 14, 2023",1,6,0,0,1,0,122,88000
FL-043,"Monday, February 13, 2023","Wednesday, June 21, 2023",3,7,1,1,0,0,128,88000
FL-044,"Tuesday, February 14, 2023","Thursday, March 23, 2023",1,10,0,0,0,1,37,88000
FL-045,"Wednesday, February 15, 2023","Sunday, June 11, 2023",1,12,0,0,0,1,116,88000
FL-046,"Thursday, February 16, 2023","Saturday, July 29, 2023",2,11,0,1,0,0,163,88000
FL-047,"Friday, February 17, 2023","Sunday, March 19, 2023",1,3,1,0,0,0,30,88000
FL-048,"Saturday, February 18, 2023","Wednesday, July 5, 2023",3,10,0,1,0,1,137,88000
FL-049,"Sunday, February 19, 2023","Saturday, July 15, 2023",3,10,1,1,0,1,146,88000
FL-050,"Monday, February 20, 2023","Tuesday, March 14, 2023",1,4,0,0,0,1,22,88000
FL-051,"Tuesday, February 21, 2023","Saturday, July 29, 2023",1,6,1,1,1,1,158,88000
FL-052,"Wednesday, February 22, 2023","Saturday, April 8, 2023",3,4,0,1,0,1,45,88000
FL-053,"Thursday, February 23, 2023","Tuesday, March 14, 2023",2,7,0,0,0,1,19,88000
FL-054,"Friday, February 24, 2023","Thursday, May 4, 2023",3,12,0,0,1,1,69,88000
FL-055,"Saturday, February 25, 2023","Monday, April 24, 2023",2,10,0,0,1,1,58,88000
FL-056,"Sunday, February 26, 2023","Monday, August 21, 2023",1,9,1,0,1,1,176,88000
FL-057,"Monday, February 27, 2023","Tuesday, April 25, 2023",3,12,0,1,0,1,57,88000
FL-058,"Tuesday, February 28, 2023","Sunday, March 26, 2023",1,5,0,1,0,1,26,88000
FL-059,"Wednesday, March 1, 2023","Saturday, June 10, 2023",3,5,0,1,0,0,101,88000
FL-060,"Thursday, March 2, 2023","Thursday, May 4, 2023",1,5,0,0,1,0,63,88000
FL-061,"Friday, March 3, 2023","Saturday, May 20, 2023",2,5,1,0,1,1,78,88000
FL-062,"Saturday, March 4, 2023","Saturday, July 1, 2023",3,3,0,0,1,1,119,88000
FL-063,"Sunday, March 5, 2023","Saturday, August 5, 2023",2,11,0,0,0,1,153,88000
FL-064,"Monday, March 6, 2023","Thursday, August 24, 2023",2,5,1,1,0,0,171,88000
FL-065,"Tuesday, March 7, 2023","Wednesday, June 21, 2023",3,14,0,1,1,0,106,88000
FL-066,"Wednesday, March 8, 2023","Friday, May 19, 2023",3,11,0,1,0,0,72,88000
FL-067,"Thursday, March 9, 2023","Monday, August 14, 2023",1,5,0,1,1,1,158,88000
FL-068,"Friday, March 10, 2023","Saturday, April 1, 2023",1,5,1,0,0,0,22,88000
FL-069,"Saturday, March 11, 2023","Saturday, August 5, 2023",1,5,0,0,1,0,147,88000
FL-070,"Sunday, March 12, 2023","Thursday, June 15, 2023",2,8,1,0,1,1,95,88000
FL-071,"Monday, March 13, 2023","Wednesday, April 12, 2023",1,12,1,1,1,0,30,88000
FL-072,"Tuesday, March 14, 2023","Sunday, May 14, 2023",3,11,0,1,1,1,61,88000
FL-073,"Wednesday, March 15, 2023","Friday, July 14, 2023",2,13,1,0,0,0,121,88000
FL-074,"Thursday, March 16, 2023","Tuesday, August 1, 2023",3,4,1,1,0,0,138,88000
FL-075,"Friday, March 17, 2023","Saturday, June 24, 2023",2,8,1,0,1,1,99,88000
FL-076,"Saturday, March 18, 2023","Tuesday, May 30, 2023",1,3,0,0,1,0,73,88000
FL-077,"Sunday, March 19, 2023","Tuesday, September 5, 2023",2,8,0,0,1,1,170,88000
FL-078,"Monday, March 20, 2023","Sunday, May 28, 2023",1,8,0,0,1,1,69,88000
FL-079,"Tuesday, March 21, 2023","Monday, May 29, 2023",1,11,0,1,0,1,69,88000
FL-080,"Wednesday, March 22, 2023","Monday, August 21, 2023",3,12,1,0,1,1,152,88000
FL-081,"Thursday, March 23, 2023","Thursday, April 6, 2023",3,12,0,1,1,1,14,88000
FL-082,"Friday, March 24, 2023","Wednesday, August 30, 2023",2,7,1,0,0,0,159,88000
FL-083,"Saturday, March 25, 2023","Wednesday, August 30, 2023",3,7,0,1,1,1,158,88000
FL-084,"Sunday, March 26, 2023","Sunday, June 18, 2023",2,10,0,0,1,0,84,88000
FL-085,"Monday, March 27, 2023","Wednesday, August 16, 2023",3,8,0,0,0,1,142,88000
FL-086,"Tuesday, March 28, 2023","Sunday, July 30, 2023",2,12,0,0,1,1,124,88000
FL-087,"Wednesday, March 29, 2023","Tuesday, July 25, 2023",1,9,1,0,1,0,118,88000
FL-088,"Thursday, March 30, 2023","Sunday, July 30, 2023",3,12,0,0,1,1,122,88000
FL-089,"Friday, March 31, 2023","Friday, July 7, 2023",2,9,1,0,0,0,98,88000
FL-090,"Saturday, April 1, 2023","Sunday, September 3, 2023",3,13,0,1,1,0,155,88000
FL-091,"Sunday, April 2, 2023","Monday, July 24, 2023",2,14,1,1,0,1,113,88000
FL-092,"Monday, April 3, 2023","Saturday, September 2, 2023",2,13,1,1,0,1,152,88000
FL-093,"Tuesday, April 4, 2023","Tuesday, August 29, 2023",2,10,1,1,1,0,147,88000
FL-094,"Wednesday, April 5, 2023","Tuesday, April 18, 2023",2,9,1,0,0,0,13,88000
FL-095,"Thursday, April 6, 2023","Wednesday, May 31, 2023",1,7,0,1,1,0,55,88000
FL-096,"Friday, April 7, 2023","Wednesday, July 12, 2023",3,8,0,0,1,1,96,88000
FL-097,"Saturday, April 8, 2023","Sunday, September 17, 2023",1,14,1,0,1,0,162,88000
FL-098,"Sunday, April 9, 2023","Friday, August 18, 2023",1,14,1,1,1,1,131,88000
FL-099,"Monday, April 10, 2023","Saturday, July 1, 2023",2,3,0,1,0,0,82,88000
FL-100,"Tuesday, April 11, 2023","Thursday, August 31, 2023",1,14,0,0,1,0,142,88000
FL-101,"Wednesday, April 12, 2023","Friday, June 30, 2023",2,11,1,0,0,0,79,88000
FL-102,"Thursday, April 13, 2023","Thursday, September 21, 2023",2,10,1,1,0,0,161,88000
FL-103,"Friday, April 14, 2023","Monday, August 21, 2023",1,11,0,1,0,1,129,88000
FL-104,"Saturday, April 15, 2023","Tuesday, May 16, 2023",2,14,1,1,0,1,31,88000
FL-105,"Sunday, April 16, 2023","Friday, July 21, 2023",1,11,1,1,0,0,96,88000
FL-106,"Monday, April 17, 2023","Tuesday, September 19, 2023",3,10,0,0,0,1,155,88000
FL-107,"Tuesday, April 18, 2023","Thursday, June 29, 2023",1,14,0,1,1,0,72,88000
FL-108,"Wednesday, April 19, 2023","Monday, August 14, 2023",1,12,1,0,0,1,117,88000
FL-109,"Thursday, April 20, 2023","Wednesday, May 3, 2023",2,11,0,0,0,1,13,88000
FL-110,"Friday, April 21, 2023","Friday, August 18, 2023",2,9,0,1,1,0,119,88000
FL-111,"Saturday, April 22, 2023","Monday, August 7, 2023",2,7,0,1,1,1,107,88000
FL-112,"Sunday, April 23, 2023","Thursday, August 24, 2023",3,14,1,0,0,1,123,88000
FL-113,"Monday, April 24, 2023","Saturday, June 10, 2023",2,3,0,0,1,0,47,88000
FL-114,"Tuesday, April 25, 2023","Wednesday, September 13, 2023",2,4,1,0,0,0,141,88000
FL-115,"Wednesday, April 26, 2023","Tuesday, May 9, 2023",2,9,0,0,0,1,13,88000
FL-116,"Thursday, April 27, 2023","Sunday, August 20, 2023",1,5,1,1,0,1,115,88000
FL-117,"Friday, April 28, 2023","Monday, July 17, 2023",3,5,1,1,0,0,80,88000
FL-118,"Saturday, April 29, 2023","Saturday, October 14, 2023",3,8,1,1,1,1,168,88000
FL-119,"Sunday, April 30, 2023","Friday, May 12, 2023",2,9,0,0,0,1,12,88000
FL-120,"Monday, May 1, 2023","Tuesday, September 26, 2023",1,13,0,1,1,0,148,88000
FL-121,"Tuesday, May 2, 2023","Thursday, August 24, 2023",3,7,1,0,1,0,114,88000
FL-122,"Wednesday, May 3, 2023","Sunday, October 15, 2023",3,6,0,0,0,1,165,88000
FL-123,"Thursday, May 4, 2023","Saturday, September 2, 2023",2,7,1,0,0,0,121,88000
FL-124,"Friday, May 5, 2023","Friday, June 2, 2023",1,3,0,0,1,1,28,88000
FL-125,"Saturday, May 6, 2023","Wednesday, October 4, 2023",3,8,1,0,1,0,151,88000
FL-126,"Sunday, May 7, 2023","Tuesday, June 13, 2023",1,10,0,0,0,1,37,88000
FL-127,"Monday, May 8, 2023","Sunday, October 22, 2023",1,9,1,1,0,0,167,88000
FL-128,"Tuesday, May 9, 2023","Saturday, August 19, 2023",3,3,1,1,0,1,102,88000
FL-129,"Wednesday, May 10, 2023","Sunday, July 16, 2023",2,10,0,0,0,1,67,88000
FL-130,"Thursday, May 11, 2023","Monday, July 17, 2023",3,14,1,1,0,1,67,88000
FL-131,"Friday, May 12, 2023","Wednesday, September 20, 2023",1,6,1,0,1,0,131,88000
FL-132,"Saturday, May 13, 2023","Saturday, October 28, 2023",2,3,0,0,0,1,168,88000
FL-133,"Sunday, May 14, 2023","Saturday, July 8, 2023",3,13,1,0,0,1,55,88000
FL-134,"Monday, May 15, 2023","Thursday, October 19, 2023",3,14,0,1,1,0,157,88000
FL-135,"Tuesday, May 16, 2023","Wednesday, June 7, 2023",3,12,1,0,0,0,22,88000
FL-136,"Wednesday, May 17, 2023","Monday, June 12, 2023",1,6,0,0,1,1,26,88000
FL-137,"Thursday, May 18, 2023","Saturday, June 3, 2023",1,12,0,0,1,0,16,88000
FL-138,"Friday, May 19, 2023","Friday, October 20, 2023",2,13,0,0,1,0,154,88000
FL-139,"Saturday, May 20, 2023","Wednesday, August 16, 2023",1,14,1,0,0,1,88,88000
FL-140,"Sunday, May 21, 2023","Thursday, November 9, 2023",2,13,1,1,1,1,172,88000
FL-141,"Monday, May 22, 2023","Wednesday, November 15, 2023",2,11,0,1,1,1,177,75677
FL-142,"Tuesday, May 23, 2023","Wednesday, August 30, 2023",3,11,0,1,0,0,99,75677
FL-143,"Wednesday, May 24, 2023","Thursday, September 7, 2023",3,10,0,1,1,0,106,75677
FL-144,"Thursday, May 25, 2023","Tuesday, June 27, 2023",2,3,1,1,1,1,33,75677
FL-145,"Friday, May 26, 2023","Friday, August 4, 2023",2,13,0,0,1,1,70,75677
FL-146,"Saturday, May 27, 2023","Monday, July 24, 2023",1,11,1,0,1,1,58,75677
FL-147,"Sunday, May 28, 2023","Thursday, November 2, 2023",2,14,1,0,0,1,158,75677
FL-148,"Monday, May 29, 2023","Monday, July 31, 2023",1,10,1,1,1,1,63,75677
FL-149,"Tuesday, May 30, 2023","Saturday, July 22, 2023",2,13,0,0,0,1,53,75677
FL-150,"Wednesday, May 31, 2023","Monday, November 13, 2023",2,3,0,1,1,0,166,75677
FL-151,"Thursday, June 1, 2023","Tuesday, September 5, 2023",3,12,1,1,1,0,96,75677
FL-152,"Friday, June 2, 2023","Friday, July 14, 2023",3,7,1,1,0,0,42,75677
FL-153,"Saturday, June 3, 2023","Friday, July 14, 2023",3,3,0,1,1,1,41,75677
FL-154,"Sunday, June 4, 2023","Thursday, August 31, 2023",3,4,1,0,0,1,88,75677
FL-155,"Monday, June 5, 2023","Thursday, August 3, 2023",1,4,0,1,0,1,59,75677
FL-156,"Tuesday, June 6, 2023","Friday, June 30, 2023",2,5,1,1,0,1,24,75677
FL-157,"Wednesday, June 7, 2023","Friday, November 10, 2023",3,7,1,1,1,1,156,75677
FL-158,"Thursday, June 8, 2023","Wednesday, August 2, 2023",3,9,1,1,1,0,55,75677
FL-159,"Friday, June 9, 2023","Friday, September 29, 2023",2,13,1,0,1,0,112,75677
FL-160,"Saturday, June 10, 2023","Thursday, November 2, 2023",1,3,1,1,1,1,145,75677
FL-161,"Sunday, June 11, 2023","Friday, October 27, 2023",3,3,1,1,0,1,138,75677
FL-162,"Monday, June 12, 2023","Monday, October 23, 2023",2,6,0,0,0,1,133,75677
FL-163,"Tuesday, June 13, 2023","Tuesday, November 7, 2023",3,12,0,0,1,1,147,75677
FL-164,"Wednesday, June 14, 2023","Monday, June 26, 2023",3,3,1,0,1,0,12,75677
FL-165,"Thursday, June 15, 2023","Sunday, November 19, 2023",3,11,0,1,0,0,157,75677
FL-166,"Friday, June 16, 2023","Friday, October 13, 2023",1,9,0,0,0,1,119,75677
FL-167,"Saturday, June 17, 2023","Monday, October 2, 2023",3,7,0,0,1,0,107,75677
FL-168,"Sunday, June 18, 2023","Friday, October 20, 2023",2,12,1,1,1,0,124,75677
FL-169,"Monday, June 19, 2023","Wednesday, October 18, 2023",1,12,1,0,0,0,121,75677
FL-170,"Tuesday, June 20, 2023","Wednesday, December 6, 2023",3,11,0,0,1,0,169,75677
FL-171,"Wednesday, June 21, 2023","Friday, November 24, 2023",3,6,1,1,1,0,156,75677
FL-172,"Thursday, June 22, 2023","Thursday, November 9, 2023",1,10,0,1,1,1,140,75677
FL-173,"Friday, June 23, 2023","Wednesday, December 13, 2023",2,3,0,0,1,1,173,75677
FL-174,"Saturday, June 24, 2023","Sunday, October 22, 2023",1,11,0,1,0,1,120,75677
FL-175,"Sunday, June 25, 2023","Wednesday, November 1, 2023",2,4,1,0,0,1,129,75677
FL-176,"Monday, June 26, 2023","Wednesday, October 4, 2023",1,6,0,1,0,0,100,75677
FL-177,"Tuesday, June 27, 2023","Friday, December 22, 2023",2,14,0,1,1,1,178,75677
FL-178,"Wednesday, June 28, 2023","Wednesday, August 23, 2023",2,8,1,0,1,1,56,75677
FL-179,"Thursday, June 29, 2023","Thursday, September 28, 2023",3,11,0,0,0,1,91,75677
FL-180,"Friday, June 30, 2023","Thursday, October 5, 2023",3,4,1,0,1,1,97,75677
FL-181,"Saturday, July 1, 2023","Wednesday, October 25, 2023",3,5,0,1,1,1,116,75677
FL-182,"Sunday, July 2, 2023","Wednesday, November 8, 2023",3,12,0,1,0,1,129,75677
FL-183,"Monday, July 3, 2023","Wednesday, August 2, 2023",1,9,0,1,0,1,30,75677
FL-184,"Tuesday, July 4, 2023","Sunday, September 3, 2023",2,14,1,0,0,0,61,75677
FL-185,"Wednesday, July 5, 2023","Tuesday, July 25, 2023",1,8,1,1,1,1,20,75677
FL-186,"Thursday, July 6, 2023","Wednesday, November 8, 2023",2,5,1,1,0,0,125,165875
FL-187,"Friday, July 7, 2023","Friday, December 8, 2023",3,5,1,1,1,1,154,165875
FL-188,"Saturday, July 8, 2023","Tuesday, September 12, 2023",2,12,1,1,1,0,66,165875
FL-189,"Sunday, July 9, 2023","Tuesday, July 25, 2023",1,3,0,0,0,1,16,165875
FL-190,"Monday, July 10, 2023","Friday, December 1, 2023",3,12,0,1,0,0,144,165875
FL-191,"Tuesday, July 11, 2023","Friday, December 22, 2023",3,7,1,1,0,1,164,165875
FL-192,"Wednesday, July 12, 2023","Sunday, December 17, 2023",2,5,1,1,0,0,158,165875
FL-193,"Thursday, July 13, 2023","Friday, November 17, 2023",3,5,1,1,1,1,127,165875
FL-194,"Friday, July 14, 2023","Wednesday, August 2, 2023",1,11,1,0,1,1,19,165875
FL-195,"Saturday, July 15, 2023","Friday, August 18, 2023",1,3,1,1,1,0,34,165875
FL-196,"Sunday, July 16, 2023","Sunday, December 10, 2023",3,14,0,0,1,0,147,165875
FL-197,"Monday, July 17, 2023","Sunday, September 24, 2023",2,10,0,1,0,0,69,165875
FL-198,"Tuesday, July 18, 2023","Tuesday, August 1, 2023",2,4,1,1,1,0,14,165875
FL-199,"Wednesday, July 19, 2023","Wednesday, November 22, 2023",3,6,0,0,0,1,126,165875
FL-200,"Thursday, July 20, 2023","Thursday, November 30, 2023",2,7,0,0,1,1,133,165875
FL-201,"Friday, July 21, 2023","Wednesday, August 9, 2023",3,5,1,1,1,1,19,165875
FL-202,"Saturday, July 22, 2023","Saturday, December 30, 2023",1,8,1,0,0,0,161,165875
FL-203,"Sunday, July 23, 2023","Sunday, November 12, 2023",2,10,0,1,1,1,112,165875
FL-204,"Monday, July 24, 2023","Monday, October 2, 2023",2,6,1,0,0,1,70,165875
FL-205,"Tuesday, July 25, 2023","Friday, December 29, 2023",2,9,0,1,1,1,157,165875
FL-206,"Wednesday, July 26, 2023","Friday, September 15, 2023",3,7,0,0,0,1,51,165875
FL-207,"Thursday, July 27, 2023","Friday, October 13, 2023",1,5,0,0,1,1,78,165875
FL-208,"Friday, July 28, 2023","Wednesday, August 23, 2023",2,5,1,0,1,0,26,165875
FL-209,"Saturday, July 29, 2023","Wednesday, November 15, 2023",2,3,0,0,0,1,109,165875
FL-210,"Sunday, July 30, 2023","Monday, October 9, 2023",3,11,0,0,1,0,71,165875
FL-211,"Monday, July 31, 2023","Sunday, December 31, 2023",3,5,0,1,1,0,153,165875
FL-212,"Tuesday, August 1, 2023","Thursday, September 28, 2023",3,8,0,0,1,0,58,165875
FL-213,"Wednesday, August 2, 2023","Monday, August 28, 2023",1,3,1,1,0,1,26,165875
FL-214,"Thursday, August 3, 2023","Monday, January 8, 2024",1,7,0,1,1,0,158,165875
FL-215,"Friday, August 4, 2023","Wednesday, October 11, 2023",1,12,0,1,1,1,68,165875
FL-216,"Saturday, August 5, 2023","Sunday, October 22, 2023",3,14,1,0,1,0,78,165875
FL-217,"Sunday, August 6, 2023","Saturday, December 9, 2023",1,4,0,0,1,1,125,165875
FL-218,"Monday, August 7, 2023","Wednesday, December 27, 2023",3,13,0,1,0,1,142,165875
FL-219,"Tuesday, August 8, 2023","Sunday, October 29, 2023",3,11,0,1,1,0,82,165875
FL-220,"Wednesday, August 9, 2023","Tuesday, January 2, 2024",3,6,1,1,1,0,146,165875
FL-221,"Thursday, August 10, 2023","Monday, January 15, 2024",1,11,1,1,0,1,158,165875
FL-222,"Friday, August 11, 2023","Saturday, September 9, 2023",3,4,1,1,1,1,29,165875
FL-223,"Saturday, August 12, 2023","Friday, November 10, 2023",2,14,1,0,0,1,90,165875
FL-224,"Sunday, August 13, 2023","Saturday, November 11, 2023",2,5,1,0,1,0,90,165875
FL-225,"Monday, August 14, 2023","Saturday, December 9, 2023",1,10,1,1,0,1,117,165875
FL-226,"Tuesday, August 15, 2023","Friday, October 20, 2023",2,7,0,1,0,1,66,165875
FL-227,"Wednesday, August 16, 2023","Saturday, November 11, 2023",1,10,1,0,0,1,87,175000
FL-228,"Thursday, August 17, 2023","Thursday, October 19, 2023",3,7,0,1,1,0,63,175000
FL-229,"Friday, August 18, 2023","Monday, December 25, 2023",1,4,0,1,1,1,129,175000
FL-230,"Saturday, August 19, 2023","Monday, December 4, 2023",2,13,1,0,0,1,107,175000
FL-231,"Sunday, August 20, 2023","Thursday, December 28, 2023",2,4,0,1,0,0,130,175000
FL-232,"Monday, August 21, 2023","Saturday, February 3, 2024",2,11,0,0,1,1,166,175000
FL-233,"Tuesday, August 22, 2023","Monday, October 9, 2023",2,12,1,1,0,0,48,175000
FL-234,"Wednesday, August 23, 2023","Sunday, October 29, 2023",3,8,0,0,0,1,67,175000
FL-235,"Thursday, August 24, 2023","Sunday, February 18, 2024",3,8,0,1,1,1,178,175000
FL-236,"Friday, August 25, 2023","Monday, January 22, 2024",3,13,1,1,1,1,150,175000
FL-237,"Saturday, August 26, 2023","Friday, October 6, 2023",1,3,0,1,1,0,41,175000
FL-238,"Sunday, August 27, 2023","Monday, February 5, 2024",3,14,1,1,0,0,162,175000
FL-239,"Monday, August 28, 2023","Friday, October 27, 2023",2,8,1,1,0,1,60,175000
FL-240,"Tuesday, August 29, 2023","Sunday, January 21, 2024",2,3,1,0,1,0,145,175000
FL-241,"Wednesday, August 30, 2023","Friday, November 17, 2023",2,11,1,0,0,0,79,175000
FL-242,"Thursday, August 31, 2023","Wednesday, November 22, 2023",3,10,1,0,0,0,83,175000
FL-243,"Friday, September 1, 2023","Thursday, February 15, 2024",2,14,1,1,0,0,167,175000
FL-244,"Saturday, September 2, 2023","Friday, December 15, 2023",3,12,1,1,0,1,104,175000
FL-245,"Sunday, September 3, 2023","Monday, January 15, 2024",2,5,0,1,1,0,134,175000
FL-246,"Monday, September 4, 2023","Monday, February 26, 2024",1,9,1,0,1,1,175,175000
FL-247,"Tuesday, September 5, 2023","Sunday, February 25, 2024",2,3,1,0,1,0,173,175000
FL-248,"Wednesday, September 6, 2023","Sunday, November 5, 2023",2,9,0,0,1,1,60,175000
FL-249,"Thursday, September 7, 2023","Thursday, December 21, 2023",3,10,0,0,0,1,105,175000
FL-250,"Friday, September 8, 2023","Friday, January 12, 2024",1,10,1,0,1,1,126,175000
FL-251,"Saturday, September 9, 2023","Wednesday, February 14, 2024",1,14,0,1,0,1,158,175000
FL-252,"Sunday, September 10, 2023","Monday, February 26, 2024",3,6,1,1,0,1,169,175000
FL-253,"Monday, September 11, 2023","Friday, February 2, 2024",3,9,0,1,1,0,144,175000
FL-254,"Tuesday, September 12, 2023","Friday, September 29, 2023",3,11,1,0,1,1,17,175000
FL-255,"Wednesday, September 13, 2023","Monday, March 4, 2024",1,14,1,0,0,1,173,175000
FL-256,"Thursday, September 14, 2023","Monday, November 27, 2023",1,6,0,0,0,1,74,175000
FL-257,"Friday, September 15, 2023","Tuesday, December 19, 2023",2,8,0,0,1,1,95,175000
FL-258,"Saturday, September 16, 2023","Wednesday, January 3, 2024",1,12,1,1,1,0,109,175000
FL-259,"Sunday, September 17, 2023","Friday, October 6, 2023",3,8,0,1,0,1,19,175000
FL-260,"Monday, September 18, 2023","Sunday, February 18, 2024",2,5,0,1,1,0,153,175000
FL-261,"Tuesday, September 19, 2023","Thursday, February 29, 2024",1,8,1,1,0,1,163,175000
FL-262,"Wednesday, September 20, 2023","Monday, March 11, 2024",3,7,0,1,1,0,173,175000
FL-263,"Thursday, September 21, 2023","Saturday, March 2, 2024",2,11,0,0,1,0,163,175000
FL-264,"Friday, September 22, 2023","Monday, November 13, 2023",1,12,0,1,1,1,52,175000
FL-265,"Saturday, September 23, 2023","Thursday, February 29, 2024",1,12,1,0,1,1,159,175000
FL-266,"Sunday, September 24, 2023","Saturday, February 24, 2024",3,4,0,1,1,1,153,175000
FL-267,"Monday, September 25, 2023","Monday, October 16, 2023",1,5,1,1,1,0,21,175000
FL-268,"Tuesday, September 26, 2023","Monday, November 6, 2023",1,3,0,0,1,1,41,175000
FL-269,"Wednesday, September 27, 2023","Monday, October 16, 2023",2,3,0,0,1,0,19,175000
FL-270,"Thursday, September 28, 2023","Sunday, January 28, 2024",2,7,0,0,1,0,122,95875
FL-271,"Friday, September 29, 2023","Sunday, November 26, 2023",2,12,0,1,1,1,58,95875
FL-272,"Saturday, September 30, 2023","Thursday, November 30, 2023",2,7,1,0,1,0,61,95875
FL-273,"Sunday, October 1, 2023","Tuesday, October 17, 2023",1,7,1,0,0,0,16,95875
FL-274,"Monday, October 2, 2023","Sunday, February 18, 2024",3,14,0,0,1,0,139,95875
FL-275,"Tuesday, October 3, 2023","Wednesday, November 22, 2023",2,6,0,0,1,0,50,95875
FL-276,"Wednesday, October 4, 2023","Wednesday, December 13, 2023",2,9,1,1,0,0,70,95875
FL-277,"Thursday, October 5, 2023","Sunday, November 12, 2023",3,8,1,1,0,1,38,95875
FL-278,"Friday, October 6, 2023","Tuesday, January 16, 2024",1,12,1,0,0,0,102,95875
FL-279,"Saturday, October 7, 2023","Tuesday, January 30, 2024",2,3,1,1,1,0,115,95875
FL-280,"Sunday, October 8, 2023","Thursday, March 28, 2024",3,12,1,0,0,0,172,95875
FL-281,"Monday, October 9, 2023","Wednesday, November 1, 2023",3,9,0,0,0,1,23,95875
FL-282,"Tuesday, October 10, 2023","Friday, February 23, 2024",1,11,0,0,0,1,136,95875
FL-283,"Wednesday, October 11, 2023","Friday, January 26, 2024",2,10,1,1,1,0,107,95875
FL-284,"Thursday, October 12, 2023","Friday, March 1, 2024",1,8,0,1,0,0,141,95875
FL-285,"Friday, October 13, 2023","Saturday, February 10, 2024",1,8,0,1,0,0,120,95875
FL-286,"Saturday, October 14, 2023","Tuesday, March 12, 2024",2,14,1,1,0,0,150,95875
FL-287,"Sunday, October 15, 2023","Wednesday, March 13, 2024",1,9,1,0,0,0,150,95875
FL-288,"Monday, October 16, 2023","Monday, October 30, 2023",2,4,0,0,1,1,14,95875
FL-289,"Tuesday, October 17, 2023","Sunday, January 28, 2024",1,14,0,1,0,0,103,95875
FL-290,"Wednesday, October 18, 2023","Sunday, February 18, 2024",3,8,1,1,1,1,123,95875
FL-291,"Thursday, October 19, 2023","Friday, March 8, 2024",1,13,1,0,0,0,141,95875
FL-292,"Friday, October 20, 2023","Friday, January 5, 2024",3,8,0,0,0,1,77,95875
FL-293,"Saturday, October 21, 2023","Saturday, March 2, 2024",2,9,1,1,1,0,133,95875
FL-294,"Sunday, October 22, 2023","Sunday, March 31, 2024",2,5,1,0,0,0,161,95875
FL-295,"Monday, October 23, 2023","Friday, April 19, 2024",1,5,1,1,0,0,179,95875
FL-296,"Tuesday, October 24, 2023","Friday, February 2, 2024",1,6,1,1,1,0,101,95875
FL-297,"Wednesday, October 25, 2023","Sunday, January 28, 2024",2,7,1,0,0,0,95,95875
FL-298,"Thursday, October 26, 2023","Wednesday, April 17, 2024",2,10,1,1,1,1,174,95875
FL-299,"Friday, October 27, 2023","Friday, April 12, 2024",2,4,1,1,0,0,168,95875
FL-300,"Saturday, October 28, 2023","Tuesday, January 23, 2024",3,10,1,0,1,0,87,95875
FL-301,"Sunday, October 29, 2023","Saturday, January 6, 2024",3,4,1,0,1,0,69,95875
FL-302,"Monday, October 30, 2023","Sunday, April 7, 2024",3,10,0,1,0,0,160,95875
FL-303,"Tuesday, October 31, 2023","Tuesday, January 30, 2024",3,9,0,0,1,0,91,95875
FL-304,"Wednesday, November 1, 2023","Friday, January 5, 2024",1,13,0,1,1,1,65,95875
FL-305,"Thursday, November 2, 2023","Sunday, January 28, 2024",2,14,1,0,1,1,87,95875
FL-306,"Friday, November 3, 2023","Sunday, January 21, 2024",3,12,1,0,1,0,79,95875
FL-307,"Saturday, November 4, 2023","Wednesday, November 15, 2023",1,5,1,0,1,0,11,95875
FL-308,"Sunday, November 5, 2023","Sunday, December 10, 2023",1,13,1,0,0,0,35,95875
FL-309,"Monday, November 6, 2023","Saturday, April 27, 2024",2,6,0,1,1,1,173,95875
FL-310,"Tuesday, November 7, 2023","Friday, April 26, 2024",1,13,1,0,1,1,171,95875
FL-311,"Wednesday, November 8, 2023","Saturday, January 13, 2024",2,4,0,0,1,0,66,95875
FL-312,"Thursday, November 9, 2023","Wednesday, December 13, 2023",3,12,0,0,1,0,34,95875
FL-313,"Friday, November 10, 2023","Wednesday, March 6, 2024",1,3,0,0,1,0,117,95875
FL-314,"Saturday, November 11, 2023","Thursday, March 28, 2024",2,5,0,0,1,1,138,95875
FL-315,"Sunday, November 12, 2023","Tuesday, December 5, 2023",1,3,1,0,1,1,23,95875
FL-316,"Monday, November 13, 2023","Thursday, January 18, 2024",3,4,1,1,1,0,66,95875
FL-317,"Tuesday, November 14, 2023","Monday, December 18, 2023",2,13,0,0,1,0,34,95875
FL-318,"Wednesday, November 15, 2023","Tuesday, April 23, 2024",2,11,1,1,0,0,160,95875
FL-319,"Thursday, November 16, 2023","Monday, April 1, 2024",3,13,1,1,0,0,137,95875
FL-320,"Friday, November 17, 2023","Saturday, May 4, 2024",3,7,0,0,1,1,169,95875
FL-321,"Saturday, November 18, 2023","Monday, April 22, 2024",1,6,0,0,1,1,156,95875
FL-322,"Sunday, November 19, 2023","Monday, December 11, 2023",2,6,1,0,0,0,22,95875
FL-323,"Monday, November 20, 2023","Monday, April 8, 2024",1,12,0,1,0,1,140,95875
FL-324,"Tuesday, November 21, 2023","Sunday, January 14, 2024",3,14,1,1,1,1,54,95875
FL-325,"Wednesday, November 22, 2023","Saturday, May 18, 2024",2,11,0,1,1,1,178,95875
FL-326,"Thursday, November 23, 2023","Sunday, December 10, 2023",1,6,1,0,0,0,17,95875
FL-327,"Friday, November 24, 2023","Wednesday, December 27, 2023",3,4,0,1,0,1,33,95875
FL-328,"Saturday, November 25, 2023","Thursday, March 14, 2024",3,9,0,0,0,1,110,95875
FL-329,"Sunday, November 26, 2023","Friday, February 23, 2024",1,14,0,0,1,1,89,95875
FL-330,"Monday, November 27, 2023","Monday, March 18, 2024",2,6,1,1,0,1,112,95875
FL-331,"Tuesday, November 28, 2023","Monday, December 11, 2023",2,5,1,0,0,1,13,95875
FL-332,"Wednesday, November 29, 2023","Saturday, April 20, 2024",2,4,1,0,0,1,143,95875
FL-333,"Thursday, November 30, 2023","Friday, March 1, 2024",2,10,1,1,0,1,92,95875
FL-334,"Friday, December 1, 2023","Sunday, February 4, 2024",1,12,0,0,1,1,65,95875
FL-335,"Saturday, December 2, 2023","Tuesday, January 2, 2024",1,14,0,1,1,1,31,95875
FL-336,"Sunday, December 3, 2023","Tuesday, January 2, 2024",3,9,0,0,1,1,30,95875
FL-337,"Monday, December 4, 2023","Friday, May 10, 2024",3,13,0,0,1,0,158,95875
FL-338,"Tuesday, December 5, 2023","Wednesday, January 3, 2024",1,12,1,1,1,0,29,95875
FL-339,"Wednesday, December 6, 2023","Tuesday, January 16, 2024",1,12,0,1,1,0,41,95875
FL-340,"Thursday, December 7, 2023","Friday, March 29, 2024",1,8,1,1,1,1,113,95875
FL-341,"Friday, December 8, 2023","Thursday, May 2, 2024",1,5,0,1,0,1,146,95875
FL-342,"Saturday, December 9, 2023","Saturday, December 23, 2023",3,4,1,0,0,1,14,95875
FL-343,"Sunday, December 10, 2023","Sunday, March 17, 2024",2,6,1,0,1,1,98,95875
FL-344,"Monday, December 11, 2023","Friday, May 17, 2024",3,11,0,1,0,1,158,95875
FL-345,"Tuesday, December 12, 2023","Tuesday, April 16, 2024",1,3,1,0,1,1,126,95875
FL-346,"Wednesday, December 13, 2023","Tuesday, April 9, 2024",3,3,1,1,0,0,118,95875
FL-347,"Thursday, December 14, 2023","Tuesday, March 12, 2024",2,11,0,0,0,1,89,95875
FL-348,"Friday, December 15, 2023","Friday, March 15, 2024",1,4,1,0,0,1,91,95875
FL-349,"Saturday, December 16, 2023","Thursday, May 9, 2024",3,14,0,1,1,0,145,95875
FL-350,"Sunday, December 17, 2023","Monday, March 4, 2024",1,7,0,0,0,1,78,95875
FL-351,"Monday, December 18, 2023","Friday, January 26, 2024",1,13,0,0,1,0,39,95875
FL-352,"Tuesday, December 19, 2023","Sunday, March 3, 2024",3,7,0,1,1,0,75,95875
FL-353,"Wednesday, December 20, 2023","Saturday, March 16, 2024",2,7,0,0,0,1,87,95875
FL-354,"Thursday, December 21, 2023","Thursday, May 30, 2024",1,11,1,0,1,1,161,95875
FL-355,"Friday, December 22, 2023","Saturday, February 24, 2024",1,8,0,0,0,1,64,95875
FL-356,"Saturday, December 23, 2023","Sunday, March 31, 2024",3,11,0,0,1,1,99,95875
FL-357,"Sunday, December 24, 2023","Saturday, May 11, 2024",3,10,0,1,0,1,139,95875
FL-358,"Monday, December 25, 2023","Friday, May 31, 2024",1,12,1,0,1,1,158,95875
FL-359,"Tuesday, December 26, 2023","Thursday, May 9, 2024",2,12,1,0,1,0,135,95875
FL-360,"Wednesday, December 27, 2023","Wednesday, January 17, 2024",3,6,1,0,0,1,21,95875
FL-361,"Thursday, December 28, 2023","Friday, February 9, 2024",3,7,1,0,1,0,43,95875
FL-362,"Friday, December 29, 2023","Thursday, February 8, 2024",2,7,1,0,0,0,41,95875
FL-363,"Saturday, December 30, 2023","Tuesday, February 20, 2024",2,9,1,0,1,1,52,95875
FL-364,"Sunday, December 31, 2023","Sunday, February 11, 2024",1,7,1,1,0,1,42,95875
FL-365,"Monday, January 1, 2024","Thursday, June 27, 2024",1,12,0,0,1,0,178,95875
FL-366,"Tuesday, January 2, 2024","Sunday, April 21, 2024",2,5,1,1,0,1,110,95875
FL-367,"Wednesday, January 3, 2024","Tuesday, January 30, 2024",1,4,1,1,1,0,27,95875
FL-368,"Thursday, January 4, 2024","Monday, March 18, 2024",3,6,1,1,0,0,74,95875
FL-369,"Friday, January 5, 2024","Sunday, February 18, 2024",1,3,1,0,0,0,44,95875
FL-370,"Saturday, January 6, 2024","Tuesday, February 6, 2024",1,10,1,1,0,0,31,95875
FL-371,"Sunday, January 7, 2024","Thursday, April 11, 2024",1,3,1,1,1,1,95,95875
FL-372,"Monday, January 8, 2024","Monday, April 29, 2024",2,6,0,0,0,1,112,95875
FL-373,"Tuesday, January 9, 2024","Wednesday, February 7, 2024",2,14,1,1,0,1,29,95875
FL-374,"Wednesday, January 10, 2024","Monday, January 22, 2024",3,14,0,1,0,1,12,95875
FL-375,"Thursday, January 11, 2024","Thursday, April 4, 2024",3,10,1,0,0,0,84,95875
FL-376,"Friday, January 12, 2024","Sunday, March 31, 2024",1,5,0,1,0,1,79,95875
FL-377,"Saturday, January 13, 2024","Friday, June 14, 2024",2,10,0,1,0,0,153,95875
FL-378,"Sunday, January 14, 2024","Saturday, July 6, 2024",3,7,1,1,1,1,174,95875
FL-379,"Monday, January 15, 2024","Wednesday, February 7, 2024",1,14,1,0,1,1,23,95875
FL-380,"Tuesday, January 16, 2024","Sunday, June 9, 2024",3,6,0,1,1,1,145,95875
FL-381,"Wednesday, January 17, 2024","Sunday, March 24, 2024",1,12,0,0,1,0,67,95875
FL-382,"Thursday, January 18, 2024","Wednesday, January 31, 2024",3,10,0,1,0,1,13,95875
FL-383,"Friday, January 19, 2024","Wednesday, February 14, 2024",3,9,0,0,1,1,26,95875
FL-384,"Saturday, January 20, 2024","Friday, May 17, 2024",3,12,0,1,0,1,118,95875
FL-385,"Sunday, January 21, 2024","Sunday, April 28, 2024",1,4,1,0,0,0,98,90550
FL-386,"Monday, January 22, 2024","Wednesday, May 15, 2024",1,8,1,0,0,0,114,90550
FL-387,"Tuesday, January 23, 2024","Thursday, April 25, 2024",3,9,1,0,1,1,93,90550
FL-388,"Wednesday, January 24, 2024","Sunday, March 3, 2024",1,6,0,0,0,1,39,90550
FL-389,"Thursday, January 25, 2024","Wednesday, June 12, 2024",1,5,1,0,0,0,139,90550
FL-390,"Friday, January 26, 2024","Sunday, June 23, 2024",2,7,0,1,1,1,149,90550
FL-391,"Saturday, January 27, 2024","Sunday, June 2, 2024",2,13,0,0,0,1,127,90550
FL-392,"Sunday, January 28, 2024","Thursday, May 23, 2024",2,3,0,1,0,0,116,90550
FL-393,"Monday, January 29, 2024","Wednesday, July 17, 2024",1,7,1,1,0,1,170,90550
FL-394,"Tuesday, January 30, 2024","Saturday, April 27, 2024",1,7,1,0,1,0,88,90550
FL-395,"Wednesday, January 31, 2024","Sunday, June 16, 2024",1,7,0,1,1,0,137,90550
FL-396,"Thursday, February 1, 2024","Sunday, May 26, 2024",1,7,0,0,1,1,115,90550
FL-397,"Friday, February 2, 2024","Monday, February 19, 2024",2,10,1,1,0,1,17,90550
FL-398,"Saturday, February 3, 2024","Wednesday, July 10, 2024",2,13,1,1,0,1,158,90550
FL-399,"Sunday, February 4, 2024","Thursday, April 25, 2024",3,11,0,0,1,1,81,90550
FL-400,"Monday, February 5, 2024","Thursday, April 11, 2024",3,6,0,1,0,1,66,90550
FL-401,"Tuesday, February 6, 2024","Friday, May 10, 2024",2,8,0,1,1,0,94,90550
FL-402,"Wednesday, February 7, 2024","Monday, April 8, 2024",1,6,1,1,0,0,61,90550
FL-403,"Thursday, February 8, 2024","Sunday, July 21, 2024",2,3,1,1,1,0,164,90550
FL-404,"Friday, February 9, 2024","Thursday, July 4, 2024",3,13,0,0,1,0,146,90550
FL-405,"Saturday, February 10, 2024","Wednesday, April 17, 2024",2,3,1,0,1,0,67,90550
FL-406,"Sunday, February 11, 2024","Saturday, March 30, 2024",2,3,0,1,0,1,48,90550
FL-407,"Monday, February 12, 2024","Saturday, April 6, 2024",1,13,1,1,0,0,54,90550
FL-408,"Tuesday, February 13, 2024","Wednesday, May 29, 2024",2,5,0,0,1,0,106,90550
FL-409,"Wednesday, February 14, 2024","Saturday, May 18, 2024",3,13,1,0,0,1,94,90550
FL-410,"Thursday, February 15, 2024","Saturday, May 18, 2024",2,9,1,0,1,1,93,90550
FL-411,"Friday, February 16, 2024","Tuesday, February 27, 2024",2,6,1,0,0,0,11,90550
FL-412,"Saturday, February 17, 2024","Tuesday, May 7, 2024",1,7,1,1,0,0,80,90550
FL-413,"Sunday, February 18, 2024","Saturday, August 10, 2024",3,9,0,1,1,1,174,90550
FL-414,"Monday, February 19, 2024","Sunday, June 2, 2024",3,10,1,0,0,1,104,90550
FL-415,"Tuesday, February 20, 2024","Monday, August 12, 2024",1,3,0,1,1,0,174,90550
FL-416,"Wednesday, February 21, 2024","Monday, May 20, 2024",3,8,1,0,1,1,89,90550
FL-417,"Thursday, February 22, 2024","Monday, May 27, 2024",1,5,1,1,1,1,95,90550
FL-418,"Friday, February 23, 2024","Monday, July 15, 2024",3,5,0,1,1,1,143,90550
FL-419,"Saturday, February 24, 2024","Saturday, April 27, 2024",3,13,1,0,1,0,63,90550
FL-420,"Sunday, February 25, 2024","Wednesday, June 12, 2024",3,11,1,1,1,0,108,90550
FL-421,"Monday, February 26, 2024","Tuesday, August 13, 2024",3,7,0,0,1,0,169,90550
FL-422,"Tuesday, February 27, 2024","Friday, April 26, 2024",1,12,0,0,1,0,59,90550
FL-423,"Wednesday, February 28, 2024","Wednesday, April 24, 2024",3,9,1,0,0,0,56,90550
FL-424,"Thursday, February 29, 2024","Thursday, July 11, 2024",1,8,1,0,1,0,133,90550
FL-425,"Friday, March 1, 2024","Sunday, March 31, 2024",1,5,0,1,1,0,30,90550
FL-426,"Saturday, March 2, 2024","Wednesday, May 15, 2024",3,4,1,1,1,0,74,90550
FL-427,"Sunday, March 3, 2024","Tuesday, August 20, 2024",2,13,0,0,1,1,170,90550
FL-428,"Monday, March 4, 2024","Friday, July 19, 2024",3,3,1,1,1,1,137,90550
FL-429,"Tuesday, March 5, 2024","Tuesday, July 16, 2024",2,9,0,1,1,0,133,90550
FL-430,"Wednesday, March 6, 2024","Saturday, August 31, 2024",2,7,0,1,0,0,178,90550
FL-431,"Thursday, March 7, 2024","Wednesday, June 12, 2024",3,4,1,0,1,0,97,90550
FL-432,"Friday, March 8, 2024","Wednesday, June 19, 2024",3,7,1,0,1,1,103,90550
FL-433,"Saturday, March 9, 2024","Tuesday, July 9, 2024",2,10,0,0,1,1,122,90550
FL-434,"Sunday, March 10, 2024","Thursday, May 16, 2024",3,14,1,0,1,1,67,90550
FL-435,"Monday, March 11, 2024","Saturday, April 6, 2024",2,4,1,0,0,0,26,90550
FL-436,"Tuesday, March 12, 2024","Wednesday, September 4, 2024",1,9,0,0,0,1,176,90550
FL-437,"Wednesday, March 13, 2024","Thursday, August 1, 2024",1,8,1,0,1,1,141,90550
FL-438,"Thursday, March 14, 2024","Wednesday, June 26, 2024",3,4,1,1,1,0,104,90550
FL-439,"Friday, March 15, 2024","Sunday, April 7, 2024",3,8,0,0,1,0,23,90550
FL-440,"Saturday, March 16, 2024","Thursday, August 15, 2024",1,6,1,0,0,0,152,90550
FL-441,"Sunday, March 17, 2024","Saturday, August 24, 2024",1,12,0,0,1,0,160,90550
FL-442,"Monday, March 18, 2024","Thursday, September 5, 2024",2,10,1,1,0,0,171,90550
FL-443,"Tuesday, March 19, 2024","Friday, May 31, 2024",1,14,0,1,0,0,73,59995
FL-444,"Wednesday, March 20, 2024","Saturday, September 14, 2024",2,13,0,1,0,1,178,229917
FL-445,"Thursday, March 21, 2024","Wednesday, May 8, 2024",3,7,0,1,0,1,48,69741
FL-446,"Friday, March 22, 2024","Tuesday, August 13, 2024",3,3,0,1,1,1,144,399585
FL-447,"Saturday, March 23, 2024","Monday, August 19, 2024",2,13,1,1,1,0,149,489581
FL-448,"Sunday, March 24, 2024","Tuesday, June 11, 2024",2,14,1,0,1,0,79,79293
FL-449,"Monday, March 25, 2024","Tuesday, April 30, 2024",2,11,1,0,1,0,36,119018
FL-450,"Tuesday, March 26, 2024","Thursday, May 2, 2024",3,5,1,0,0,1,37,88987
FL-451,"Wednesday, March 27, 2024","Wednesday, April 10, 2024",2,5,0,1,1,1,14,90550
FL-452,"Thursday, March 28, 2024","Friday, July 19, 2024",1,11,0,0,1,1,113,238459
FL-453,"Friday, March 29, 2024","Tuesday, September 24, 2024",2,8,1,0,0,1,179,88431
FL-454,"Saturday, March 30, 2024","Saturday, May 25, 2024",1,7,1,1,0,1,56,98402
FL-455,"Sunday, March 31, 2024","Friday, July 26, 2024",2,8,0,0,1,1,117,89289
FL-456,"Monday, April 1, 2024","Wednesday, August 14, 2024",1,3,0,0,0,1,135,90550
FL-457,"Tuesday, April 2, 2024","Wednesday, July 31, 2024",2,9,1,0,1,0,120,78254
FL-458,"Wednesday, April 3, 2024","Monday, April 22, 2024",2,8,1,0,1,1,19,128230
FL-459,"Thursday, April 4, 2024","Wednesday, May 8, 2024",2,5,0,1,1,1,34,88227
FL-460,"Friday, April 5, 2024","Friday, July 19, 2024",2,12,0,1,1,0,105,187970
FL-461,"Saturday, April 6, 2024","Sunday, June 30, 2024",1,7,0,0,1,1,85,87956
FL-462,"Sunday, April 7, 2024","Wednesday, September 4, 2024",2,14,1,0,1,0,150,227821
FL-463,"Monday, April 8, 2024","Thursday, May 16, 2024",1,12,0,1,1,1,38,57811
FL-464,"Tuesday, April 9, 2024","Tuesday, September 3, 2024",1,4,1,1,1,1,147,257799
FL-465,"Wednesday, April 10, 2024","Sunday, August 18, 2024",1,3,1,0,0,0,130,67614
FL-466,"Thursday, April 11, 2024","Thursday, May 9, 2024",3,3,1,1,1,1,28,77603
FL-467,"Friday, April 12, 2024","Thursday, April 25, 2024",2,3,1,1,0,1,13,87594
FL-468,"Saturday, April 13, 2024","Wednesday, September 18, 2024",1,14,1,0,0,0,158,57445
FL-469,"Sunday, April 14, 2024","Sunday, April 28, 2024",1,7,1,1,0,1,14,57356
FL-470,"Monday, April 15, 2024","Thursday, May 30, 2024",1,10,1,1,1,0,45,67260
FL-471,"Tuesday, April 16, 2024","Monday, July 8, 2024",3,11,0,0,0,1,83,87249
FL-472,"Wednesday, April 17, 2024","Tuesday, May 21, 2024",2,8,0,1,0,1,34,57168
FL-473,"Thursday, April 18, 2024","Thursday, May 9, 2024",2,14,0,0,1,1,21,57108
FL-474,"Friday, April 19, 2024","Tuesday, September 3, 2024",1,6,0,0,1,0,137,77021
FL-475,"Saturday, April 20, 2024","Tuesday, July 2, 2024",1,4,1,0,0,0,73,66976
FL-476,"Sunday, April 21, 2024","Tuesday, May 14, 2024",1,11,0,1,1,0,23,67786
FL-477,"Monday, April 22, 2024","Tuesday, May 21, 2024",3,4,1,0,0,0,29,67575
FL-478,"Tuesday, April 23, 2024","Tuesday, August 27, 2024",2,11,0,0,0,1,126,67592
FL-479,"Wednesday, April 24, 2024","Saturday, September 7, 2024",1,3,1,0,0,0,136,96621
FL-480,"Thursday, April 25, 2024","Friday, September 27, 2024",2,5,0,1,0,0,155,86621
FL-481,"Friday, April 26, 2024","Wednesday, September 25, 2024",2,3,0,1,0,0,152,76621
FL-482,"Saturday, April 27, 2024","Tuesday, August 6, 2024",2,12,0,0,1,0,101,66621
FL-483,"Sunday, April 28, 2024","Monday, September 9, 2024",2,6,1,1,1,1,134,56621
FL-484,"Monday, April 29, 2024","Wednesday, October 2, 2024",1,3,1,1,1,1,156,86621
FL-485,"Tuesday, April 30, 2024","Wednesday, October 16, 2024",1,9,0,0,1,0,169,96621
FL-486,"Wednesday, May 1, 2024","Monday, August 19, 2024",1,4,0,0,1,0,110,55870
FL-487,"Thursday, May 2, 2024","Friday, June 14, 2024",2,12,0,0,1,1,43,65860
FL-488,"Friday, May 3, 2024","Wednesday, July 31, 2024",2,4,0,0,1,1,89,75790
FL-489,"Saturday, May 4, 2024","Monday, September 9, 2024",1,13,1,1,0,0,128,85763
FL-490,"Sunday, May 5, 2024","Saturday, October 5, 2024",2,9,0,1,0,1,153,95661
FL-491,"Monday, May 6, 2024","Monday, October 14, 2024",2,6,1,0,1,0,161,55644
FL-492,"Tuesday, May 7, 2024","Saturday, June 29, 2024",2,9,0,1,0,0,53,65545
FL-493,"Wednesday, May 8, 2024","Monday, June 10, 2024",1,3,0,1,0,1,33,75447
FL-494,"Thursday, May 9, 2024","Tuesday, July 30, 2024",2,7,1,1,1,1,82,75407
FL-495,"Friday, May 10, 2024","Wednesday, August 14, 2024",3,8,0,1,1,0,96,85399
FL-496,"Saturday, May 11, 2024","Thursday, May 23, 2024",1,5,0,0,1,0,12,85353
FL-497,"Sunday, May 12, 2024","Wednesday, June 12, 2024",3,7,1,0,1,0,31,65196
FL-498,"Monday, May 13, 2024","Wednesday, September 25, 2024",3,11,0,0,1,1,135,85172
FL-499,"Tuesday, May 14, 2024","Monday, October 28, 2024",1,5,1,1,1,1,167,95061
FL-500,"Wednesday, May 15, 2024","Friday, September 20, 2024",3,10,1,0,1,0,128,255006
FL-501,"Thursday, May 16, 2024","Tuesday, October 1, 2024",4,6,1,0,1,1,138,90550
FL-502,"Friday, May 17, 2024","Sunday, July 28, 2024",4,7,0,1,1,1,72,90550
FL-503,"Saturday, May 18, 2024","Saturday, August 3, 2024",4,14,0,0,0,1,77,99462
FL-504,"Sunday, May 19, 2024","Friday, June 28, 2024",4,14,0,1,1,1,40,90550
FL-505,"Monday, May 20, 2024","Friday, May 31, 2024",4,5,0,1,0,1,11,125000
FL-506,"Tuesday, May 21, 2024","Friday, September 13, 2024",4,5,1,0,1,0,115,248979
FL-507,"Wednesday, May 22, 2024","Thursday, September 26, 2024",4,8,1,1,1,1,127,148472
FL-508,"Thursday, May 23, 2024","Wednesday, June 12, 2024",4,7,1,1,0,1,20,68251
FL-509,"Friday, May 24, 2024","Saturday, September 28, 2024",4,4,1,0,1,1,127,125000
FL-510,"Saturday, May 25, 2024","Monday, August 19, 2024",4,3,0,1,1,1,86,125000
FL-511,"Sunday, May 26, 2024","Wednesday, October 2, 2024",4,9,1,1,0,0,129,148022
FL-512,"Monday, May 27, 2024","Saturday, July 6, 2024",4,12,1,0,0,1,40,125000
FL-513,"Tuesday, May 28, 2024","Tuesday, August 27, 2024",4,14,0,0,1,1,91,125000
FL-514,"Wednesday, May 29, 2024","Wednesday, August 28, 2024",4,12,1,0,0,0,91,125000
FL-515,"Thursday, May 30, 2024","Sunday, September 29, 2024",4,6,0,0,1,0,122,247423
FL-516,"Friday, May 31, 2024","Sunday, July 7, 2024",4,10,0,0,0,1,37,125000
FL-517,"Saturday, June 1, 2024","Wednesday, September 25, 2024",4,12,0,0,0,1,116,146679
FL-518,"Sunday, June 2, 2024","Tuesday, July 2, 2024",4,3,1,0,0,0,30,125000
FL-519,"Monday, June 3, 2024","Tuesday, June 25, 2024",4,4,0,0,0,1,22,125000
FL-520,"Tuesday, June 4, 2024","Saturday, November 9, 2024",4,6,1,1,1,1,158,345925
FL-521,"Wednesday, June 5, 2024","Thursday, November 28, 2024",4,9,1,0,1,1,176,245234
FL-522,"Thursday, June 6, 2024","Tuesday, July 2, 2024",4,5,0,1,0,1,26,125000
FL-523,"Friday, June 7, 2024","Friday, August 9, 2024",4,5,0,0,1,0,63,125000
FL-524,"Saturday, June 8, 2024","Wednesday, November 13, 2024",4,5,0,1,1,1,158,344607
FL-525,"Sunday, June 9, 2024","Monday, July 1, 2024",4,5,1,0,0,0,22,125000
FL-526,"Monday, June 10, 2024","Monday, November 4, 2024",4,5,0,0,1,0,147,125000
FL-527,"Tuesday, June 11, 2024","Thursday, July 11, 2024",4,12,1,1,1,0,30,125000
FL-528,"Wednesday, June 12, 2024","Saturday, August 24, 2024",4,3,0,0,1,0,73,125000
FL-529,"Thursday, June 13, 2024","Wednesday, August 21, 2024",4,8,0,0,1,1,69,125000
FL-530,"Friday, June 14, 2024","Thursday, August 22, 2024",4,11,0,1,0,1,69,125000
FL-531,"Saturday, June 15, 2024","Friday, October 11, 2024",4,9,1,0,1,0,118,125000
FL-532,"Sunday, June 16, 2024","Saturday, August 10, 2024",4,7,0,1,1,0,55,125000
FL-533,"Monday, June 17, 2024","Tuesday, November 26, 2024",4,14,1,0,1,0,162,125000
FL-534,"Tuesday, June 18, 2024","Sunday, October 27, 2024",4,14,1,1,1,1,131,125000
FL-535,"Wednesday, June 19, 2024","Friday, November 8, 2024",4,14,0,0,1,0,142,125000
FL-536,"Thursday, June 20, 2024","Sunday, October 27, 2024",4,11,0,1,0,1,129,125000
FL-537,"Friday, June 21, 2024","Wednesday, September 25, 2024",4,11,1,1,0,0,96,125000
FL-538,"Saturday, June 22, 2024","Monday, September 2, 2024",4,14,0,1,1,0,72,125000
FL-539,"Sunday, June 23, 2024","Friday, October 18, 2024",4,12,1,0,0,1,117,125000
FL-540,"Monday, June 24, 2024","Thursday, October 17, 2024",4,5,1,1,0,1,115,125000
FL-541,"Tuesday, June 25, 2024","Wednesday, November 20, 2024",4,13,0,1,1,0,148,125000
FL-542,"Wednesday, June 26, 2024","Wednesday, July 24, 2024",4,3,0,0,1,1,28,125000
FL-543,"Thursday, June 27, 2024","Saturday, August 3, 2024",4,10,0,0,0,1,37,125000
FL-544,"Friday, June 28, 2024","Thursday, December 12, 2024",4,9,1,1,0,0,167,125000
FL-545,"Saturday, June 29, 2024","Thursday, November 7, 2024",4,6,1,0,1,0,131,125000
FL-546,"Sunday, June 30, 2024","Friday, July 26, 2024",4,6,0,0,1,1,26,125000
FL-547,"Monday, July 1, 2024","Wednesday, July 17, 2024",4,12,0,0,1,0,16,125000
FL-548,"Tuesday, July 2, 2024","Saturday, September 28, 2024",4,14,1,0,0,1,88,125000
FL-549,"Wednesday, July 3, 2024","Friday, August 30, 2024",4,11,1,0,1,1,58,125000
FL-550,"Thursday, July 4, 2024","Thursday, September 5, 2024",4,10,1,1,1,1,63,125000
FL-551,"Friday, July 5, 2024","Monday, September 2, 2024",4,4,0,1,0,1,59,125000
FL-552,"Saturday, July 6, 2024","Thursday, November 28, 2024",4,3,1,1,1,1,145,125000
FL-553,"Sunday, July 7, 2024","Sunday, November 3, 2024",4,9,0,0,0,1,119,125000
FL-554,"Monday, July 8, 2024","Wednesday, November 6, 2024",4,12,1,0,0,0,121,125000
FL-555,"Tuesday, July 9, 2024","Tuesday, November 26, 2024",4,10,0,1,1,1,140,125000
FL-556,"Wednesday, July 10, 2024","Thursday, November 7, 2024",4,11,0,1,0,1,120,125000
FL-557,"Thursday, July 11, 2024","Saturday, October 19, 2024",4,6,0,1,0,0,100,125000
FL-558,"Friday, July 12, 2024","Sunday, August 11, 2024",4,9,0,1,0,1,30,125000
FL-559,"Saturday, July 13, 2024","Friday, August 2, 2024",4,8,1,1,1,1,20,125000
FL-560,"Sunday, July 14, 2024","Tuesday, July 30, 2024",4,3,0,0,0,1,16,125000
FL-561,"Monday, July 15, 2024","Saturday, August 3, 2024",4,11,1,0,1,1,19,125000
FL-562,"Tuesday, July 16, 2024","Monday, August 19, 2024",4,3,1,1,1,0,34,125000
FL-563,"Wednesday, July 17, 2024","Wednesday, December 25, 2024",4,8,1,0,0,0,161,125000
FL-564,"Thursday, July 18, 2024","Friday, October 4, 2024",4,5,0,0,1,1,78,125000
FL-565,"Friday, July 19, 2024","Wednesday, August 14, 2024",4,3,1,1,0,1,26,125000
FL-566,"Saturday, July 20, 2024","Wednesday, December 25, 2024",4,7,0,1,1,0,158,125000
FL-567,"Sunday, July 21, 2024","Friday, September 27, 2024",4,12,0,1,1,1,68,195000
FL-568,"Monday, July 22, 2024","Sunday, November 24, 2024",4,4,0,0,1,1,125,195000
FL-569,"Tuesday, July 23, 2024","Saturday, December 28, 2024",4,11,1,1,0,1,158,195000
FL-570,"Wednesday, July 24, 2024","Monday, November 18, 2024",4,10,1,1,0,1,117,195000
FL-571,"Thursday, July 25, 2024","Sunday, October 20, 2024",4,10,1,0,0,1,87,195000
FL-572,"Friday, July 26, 2024","Monday, December 2, 2024",4,4,0,1,1,1,129,195000
FL-573,"Saturday, July 27, 2024","Friday, September 6, 2024",4,3,0,1,1,0,41,195000
FL-574,"Sunday, July 28, 2024","Sunday, January 19, 2025",4,9,1,0,1,1,175,195000
FL-575,"Monday, July 29, 2024","Monday, December 2, 2024",4,10,1,0,1,1,126,195000
FL-576,"Tuesday, July 30, 2024","Saturday, January 4, 2025",4,14,0,1,0,1,158,195000
FL-577,"Wednesday, July 31, 2024","Monday, January 20, 2025",4,14,1,0,0,1,173,195000
FL-578,"Thursday, August 1, 2024","Monday, October 14, 2024",4,6,0,0,0,1,74,195000
FL-579,"Friday, August 2, 2024","Tuesday, November 19, 2024",4,12,1,1,1,0,109,195000
FL-580,"Saturday, August 3, 2024","Monday, January 13, 2025",4,8,1,1,0,1,163,195000
FL-581,"Sunday, August 4, 2024","Wednesday, September 25, 2024",4,12,0,1,1,1,52,195000
FL-582,"Monday, August 5, 2024","Saturday, January 11, 2025",4,12,1,0,1,1,159,195000
FL-583,"Tuesday, August 6, 2024","Tuesday, August 27, 2024",4,5,1,1,1,0,21,195000
FL-584,"Wednesday, August 7, 2024","Tuesday, September 17, 2024",4,3,0,0,1,1,41,195000
FL-585,"Thursday, August 8, 2024","Saturday, August 24, 2024",4,7,1,0,0,0,16,195000
FL-586,"Friday, August 9, 2024","Tuesday, November 19, 2024",4,12,1,0,0,0,102,195000
FL-587,"Saturday, August 10, 2024","Tuesday, December 24, 2024",4,11,0,0,0,1,136,195000
FL-588,"Sunday, August 11, 2024","Monday, December 30, 2024",4,8,0,1,0,0,141,195000
FL-589,"Monday, August 12, 2024","Tuesday, December 10, 2024",4,8,0,1,0,0,120,195000
FL-590,"Tuesday, August 13, 2024","Friday, January 10, 2025",4,9,1,0,0,0,150,195000
FL-591,"Wednesday, August 14, 2024","Monday, November 25, 2024",4,14,0,1,0,0,103,195000
FL-592,"Thursday, August 15, 2024","Friday, January 3, 2025",4,13,1,0,0,0,141,195000
FL-593,"Friday, August 16, 2024","Tuesday, February 11, 2025",4,5,1,1,0,0,179,195000
FL-594,"Saturday, August 17, 2024","Tuesday, November 26, 2024",4,6,1,1,1,0,101,195000
FL-595,"Sunday, August 18, 2024","Tuesday, October 22, 2024",4,13,0,1,1,1,65,195000
FL-596,"Monday, August 19, 2024","Friday, August 30, 2024",4,5,1,0,1,0,11,195000
FL-597,"Tuesday, August 20, 2024","Tuesday, September 24, 2024",4,13,1,0,0,0,35,195000
FL-598,"Wednesday, August 21, 2024","Saturday, February 8, 2025",4,13,1,0,1,1,171,195000
FL-599,"Thursday, August 22, 2024","Tuesday, December 17, 2024",4,3,0,0,1,0,117,195000
FL-600,"Friday, August 23, 2024","Sunday, September 15, 2024",4,3,1,0,1,1,23,195000
FL-601,"Saturday, August 24, 2024","Monday, January 27, 2025",4,6,0,0,1,1,156,195000
FL-602,"Sunday, August 25, 2024","Sunday, January 12, 2025",4,12,0,1,0,1,140,195000
FL-603,"Monday, August 26, 2024","Thursday, September 12, 2024",4,6,1,0,0,0,17,195000
FL-604,"Tuesday, August 27, 2024","Sunday, November 24, 2024",4,14,0,0,1,1,89,195000
FL-605,"Wednesday, August 28, 2024","Friday, November 1, 2024",4,12,0,0,1,1,65,195000
FL-606,"Thursday, August 29, 2024","Sunday, September 29, 2024",4,14,0,1,1,1,31,195000
FL-607,"Friday, August 30, 2024","Saturday, September 28, 2024",4,12,1,1,1,0,29,195000
FL-608,"Saturday, August 31, 2024","Friday, October 11, 2024",4,12,0,1,1,0,41,195000
FL-609,"Sunday, September 1, 2024","Monday, December 23, 2024",4,8,1,1,1,1,113,195000
FL-610,"Monday, September 2, 2024","Sunday, January 26, 2025",4,5,0,1,0,1,146,195000
FL-611,"Tuesday, September 3, 2024","Tuesday, January 7, 2025",4,3,1,0,1,1,126,195000
FL-612,"Wednesday, September 4, 2024","Wednesday, December 4, 2024",4,4,1,0,0,1,91,195000
FL-613,"Thursday, September 5, 2024","Friday, November 22, 2024",4,7,0,0,0,1,78,195000
FL-614,"Friday, September 6, 2024","Tuesday, October 15, 2024",4,13,0,0,1,0,39,195000
FL-615,"Saturday, September 7, 2024","Saturday, February 15, 2025",4,11,1,0,1,1,161,195000
FL-616,"Sunday, September 8, 2024","Monday, November 11, 2024",4,8,0,0,0,1,64,195000
FL-617,"Monday, September 9, 2024","Friday, February 14, 2025",4,12,1,0,1,1,158,195000
FL-618,"Tuesday, September 10, 2024","Tuesday, October 22, 2024",4,7,1,1,0,1,42,195000
FL-619,"Wednesday, September 11, 2024","Saturday, March 8, 2025",4,12,0,0,1,0,178,195000
FL-620,"Thursday, September 12, 2024","Wednesday, October 9, 2024",4,4,1,1,1,0,27,195000
FL-621,"Friday, September 13, 2024","Sunday, October 27, 2024",4,3,1,0,0,0,44,195000
FL-622,"Saturday, September 14, 2024","Tuesday, October 15, 2024",4,10,1,1,0,0,31,195000
FL-623,"Sunday, September 15, 2024","Thursday, December 19, 2024",4,3,1,1,1,1,95,195000
FL-624,"Monday, September 16, 2024","Wednesday, December 4, 2024",4,5,0,1,0,1,79,195000
FL-625,"Tuesday, September 17, 2024","Thursday, October 10, 2024",4,14,1,0,1,1,23,195000
FL-626,"Wednesday, September 18, 2024","Sunday, November 24, 2024",4,12,0,0,1,0,67,195000
FL-627,"Thursday, September 19, 2024","Thursday, December 26, 2024",4,4,1,0,0,0,98,195000
FL-628,"Friday, September 20, 2024","Sunday, January 12, 2025",4,8,1,0,0,0,114,195000
FL-629,"Saturday, September 21, 2024","Wednesday, October 30, 2024",4,6,0,0,0,1,39,195000
FL-630,"Sunday, September 22, 2024","Saturday, February 8, 2025",4,5,1,0,0,0,139,195000
FL-631,"Monday, September 23, 2024","Wednesday, March 12, 2025",4,7,1,1,0,1,170,195000
FL-632,"Tuesday, September 24, 2024","Saturday, December 21, 2024",4,7,1,0,1,0,88,195000
FL-633,"Wednesday, September 25, 2024","Sunday, February 9, 2025",4,7,0,1,1,0,137,195000
FL-634,"Thursday, September 26, 2024","Sunday, January 19, 2025",4,7,0,0,1,1,115,195000
FL-635,"Friday, September 27, 2024","Wednesday, November 27, 2024",4,6,1,1,0,0,61,195000
FL-636,"Saturday, September 28, 2024","Thursday, November 21, 2024",4,13,1,1,0,0,54,195000
FL-637,"Sunday, September 29, 2024","Wednesday, December 18, 2024",4,7,1,1,0,0,80,195000
FL-638,"Monday, September 30, 2024","Sunday, March 23, 2025",4,3,0,1,1,0,174,195000
FL-639,"Tuesday, October 1, 2024","Saturday, January 4, 2025",4,5,1,1,1,1,95,195000
FL-640,"Wednesday, October 2, 2024","Saturday, November 30, 2024",4,12,0,0,1,0,59,195000
FL-641,"Thursday, October 3, 2024","Thursday, February 13, 2025",4,8,1,0,1,0,133,195000
FL-642,"Friday, October 4, 2024","Sunday, November 3, 2024",4,5,0,1,1,0,30,195000
FL-643,"Saturday, October 5, 2024","Sunday, March 30, 2025",4,9,0,0,0,1,176,195000
FL-644,"Sunday, October 6, 2024","Monday, February 24, 2025",4,8,1,0,1,1,141,195000
FL-645,"Monday, October 7, 2024","Saturday, March 8, 2025",4,6,1,0,0,0,152,195000
FL-646,"Tuesday, October 8, 2024","Monday, March 17, 2025",4,12,0,0,1,0,160,195000
FL-647,"Wednesday, October 9, 2024","Saturday, December 21, 2024",4,14,0,1,0,0,73,59995
FL-648,"Thursday, October 10, 2024","Friday, January 31, 2025",4,11,0,0,1,1,113,88459
FL-649,"Friday, October 11, 2024","Friday, December 6, 2024",4,7,1,1,0,1,56,98402
FL-650,"Saturday, October 12, 2024","Monday, February 24, 2025",4,3,0,0,0,1,135,78281
FL-651,"Sunday, October 13, 2024","Monday, January 6, 2025",4,7,0,0,1,1,85,77956
FL-652,"Monday, October 14, 2024","Thursday, November 21, 2024",4,12,0,1,1,1,38,87811
FL-653,"Tuesday, October 15, 2024","Tuesday, March 11, 2025",4,4,1,1,1,1,147,97799
FL-654,"Wednesday, October 16, 2024","Sunday, February 23, 2025",4,3,1,0,0,0,130,87614
FL-655,"Thursday, October 17, 2024","Monday, March 24, 2025",4,14,1,0,0,0,158,97445
FL-656,"Friday, October 18, 2024","Friday, November 1, 2024",4,7,1,1,0,1,14,67356
FL-657,"Saturday, October 19, 2024","Tuesday, December 3, 2024",4,10,1,1,1,0,45,87260
FL-658,"Sunday, October 20, 2024","Thursday, March 6, 2025",4,6,0,0,1,0,137,77021
FL-659,"Monday, October 21, 2024","Thursday, January 2, 2025",4,4,1,0,0,0,73,96976
FL-660,"Tuesday, October 22, 2024","Thursday, November 14, 2024",4,11,0,1,1,0,23,56776
FL-661,"Wednesday, October 23, 2024","Saturday, March 8, 2025",4,3,1,0,0,0,136,186621
FL-662,"Thursday, October 24, 2024","Saturday, March 29, 2025",4,3,1,1,1,1,156,226062
FL-663,"Friday, October 25, 2024","Saturday, April 12, 2025",4,9,0,0,1,0,169,296051
FL-664,"Saturday, October 26, 2024","Thursday, February 13, 2025",4,4,0,0,1,0,110,265870
FL-665,"Sunday, October 27, 2024","Tuesday, March 4, 2025",4,13,1,1,0,0,128,115763
FL-666,"Monday, October 28, 2024","Saturday, November 30, 2024",4,3,0,1,0,1,33,55447
FL-667,"Tuesday, October 29, 2024","Sunday, November 10, 2024",4,5,0,0,1,0,12,65353
FL-668,"Wednesday, October 30, 2024","Tuesday, April 15, 2025",4,5,1,1,1,1,167,225061
